in-process,1,1,36,285,12288
in-process,2,23,36,267,12268
in-process,3,24,36,284,12285
in-process,4,24,36,267,12267
in-process,5,25,36,284,12285
in-process,6,25,36,285,12288
in-process,7,25,36,285,12287
in-process,8,26,36,284,12285
in-process,9,26,36,279,12280
in-process,10,27,36,284,12285
in-process,11,28,36,284,12284
in-process,12,28,36,284,12285
in-process,13,29,36,284,12284
in-process,14,29,36,285,12288
in-process,15,30,36,284,12285
in-process,16,30,36,280,12280
in-process,17,30,36,284,12284
in-process,18,31,36,285,12288
in-process,19,31,36,284,12284
in-process,20,32,36,280,12280
in-process,21,32,36,360,12361
in-process,22,32,36,279,12279
in-process,23,33,36,279,12279
in-process,24,33,36,285,12288
in-process,25,33,36,279,12279
in-process,26,33,36,364,12364
in-process,27,34,36,365,12365
in-process,28,34,36,365,12365
in-process,29,34,36,364,12365
in-process,30,34,36,364,12364
gcloud-tasks,1,0,530,4437,16437
gcloud-tasks,2,1,530,3837,15837
gcloud-tasks,3,2,530,4837,16837
gcloud-tasks,4,2,531,5648,17648
gcloud-tasks,5,2,285,934,12934
gcloud-tasks,6,2,534,6244,18244
gcloud-tasks,7,2,529,2831,14830
gcloud-tasks,8,2,285,1232,13232
gcloud-tasks,9,2,529,4235,16235
gcloud-tasks,10,2,530,4643,16644
gcloud-tasks,11,2,531,3333,15334
gcloud-tasks,12,2,529,5239,17240
gcloud-tasks,13,2,530,4037,16037
gcloud-tasks,14,2,532,3638,15638
gcloud-tasks,15,2,530,5442,17442
gcloud-tasks,16,2,528,2431,14431
gcloud-tasks,17,2,532,2030,14031
gcloud-tasks,18,2,532,3638,15639
gcloud-tasks,19,2,531,3230,15231
gcloud-tasks,20,3,519,1532,13533
gcloud-tasks,21,3,518,1635,13635
gcloud-tasks,22,3,519,2335,14336
gcloud-tasks,23,3,285,630,12630
gcloud-tasks,24,3,519,2635,14636
gcloud-tasks,25,3,517,1429,13429
gcloud-tasks,26,3,280,730,12731
gcloud-tasks,27,3,518,2030,14031
gcloud-tasks,28,3,535,6040,18040
gcloud-tasks,29,3,537,5842,17842
gcloud-tasks,30,3,530,5040,17039
amazon-sns,1,0,230,445,12447
amazon-sns,2,2,217,453,12454
amazon-sns,3,2,227,453,12453
amazon-sns,4,2,223,448,12448
amazon-sns,5,2,221,448,12449
amazon-sns,6,2,222,448,12448
amazon-sns,7,3,224,445,12447
amazon-sns,8,3,226,333,12333
amazon-sns,9,3,225,333,12334
amazon-sns,10,3,253,544,12545
amazon-sns,11,3,255,448,12448
amazon-sns,12,3,254,445,12446
amazon-sns,13,3,258,543,12543
amazon-sns,14,4,237,544,12545
amazon-sns,15,4,256,333,12334
amazon-sns,16,4,255,453,12453
amazon-sns,17,4,232,544,12544
amazon-sns,18,4,272,445,12445
amazon-sns,19,4,275,453,12453
amazon-sns,20,4,233,444,12444
amazon-sns,21,4,257,450,12452
amazon-sns,22,4,262,450,12452
amazon-sns,23,4,258,450,12452
amazon-sns,24,4,264,545,12545
amazon-sns,25,5,263,645,12646
amazon-sns,26,5,265,450,12452
amazon-sns,27,5,264,543,12543
amazon-sns,28,5,267,452,12453
amazon-sns,29,5,270,453,12453
amazon-sns,30,5,262,452,12453
qstash,1,0,1005,8642,20642
qstash,2,24,1655,8950,20951
qstash,3,25,1674,8641,20641
qstash,4,26,1027,8801,20802
qstash,5,26,1010,8941,20941
qstash,6,27,1675,8808,20808
qstash,7,27,1018,8789,20789
qstash,8,28,1659,8642,20642
qstash,9,28,1662,8800,20800
qstash,10,29,1023,8944,20944
qstash,11,30,1001,8950,20951
qstash,12,30,1667,8942,20942
qstash,13,31,998,8948,20948
qstash,14,31,1669,8640,20640
qstash,15,32,1661,8951,20952
qstash,16,32,1007,8800,20800
qstash,17,33,1657,8951,20952
qstash,18,34,995,8642,20642
qstash,19,35,1025,8643,20642
qstash,20,35,1009,8947,20948
qstash,21,35,1672,8951,20951
qstash,22,36,1021,8946,20946
qstash,23,36,1673,8790,20790
qstash,24,36,1671,8800,20800
qstash,25,37,1664,8943,20943
qstash,26,37,1665,8946,20946
qstash,27,37,1014,8801,20802
qstash,28,37,1016,8948,20948
qstash,29,38,1670,8944,20944
qstash,30,38,1003,8799,20799
zeplo,1,0,1468,5795,17795
zeplo,2,20,6706,7476,19477
zeplo,3,21,1416,5785,17785
zeplo,4,21,5554,6199,18200
zeplo,5,22,5213,5975,17975
zeplo,6,22,1744,5795,17795
zeplo,7,22,4089,5796,17796
zeplo,8,23,4791,5974,17974
zeplo,9,23,3081,5785,17786
zeplo,10,24,1727,5567,17567
zeplo,11,25,4097,5975,17975
zeplo,12,25,10638,11389,23390
zeplo,13,26,3173,5795,17795
zeplo,14,26,2833,5796,17796
zeplo,15,27,1735,5797,17797
zeplo,16,27,1417,5784,17785
zeplo,17,28,2581,5785,17786
zeplo,18,28,1373,5796,17796
zeplo,19,29,5979,5570,17571
zeplo,20,29,4517,5565,17566
zeplo,21,29,5717,5570,17571
zeplo,22,30,3103,5785,17786
zeplo,23,30,1422,5798,17799
zeplo,24,31,1551,5784,17784
zeplo,25,31,2999,5971,17971
zeplo,26,31,1248,5798,17799
zeplo,27,31,4985,5569,17568
zeplo,28,32,4948,5798,17797
zeplo,29,32,3619,5569,17569
zeplo,30,32,1400,5785,17786
gcloud-tasks-limited,1,1,571,50170,62170
gcloud-tasks-limited,2,2,570,37822,49823
gcloud-tasks-limited,3,2,571,99042,111043
gcloud-tasks-limited,4,2,575,184788,196789
gcloud-tasks-limited,5,2,575,148905,160905
gcloud-tasks-limited,6,2,570,87941,99942
gcloud-tasks-limited,7,2,569,62410,74411
gcloud-tasks-limited,8,2,575,135803,147803
gcloud-tasks-limited,9,2,570,25509,37509
gcloud-tasks-limited,10,2,575,173798,185798
gcloud-tasks-limited,11,2,569,75618,87618
gcloud-tasks-limited,12,3,570,51177,63178
gcloud-tasks-limited,13,3,562,86945,98946
gcloud-tasks-limited,14,3,570,13125,25124
gcloud-tasks-limited,15,3,575,160448,172448
gcloud-tasks-limited,16,3,575,112484,124484
gcloud-tasks-limited,17,3,570,111273,123273
gcloud-tasks-limited,18,3,558,870,12870
gcloud-tasks-limited,19,3,575,161247,173256
gcloud-tasks-limited,20,3,570,100168,112168
gcloud-tasks-limited,21,3,574,148025,160026
gcloud-tasks-limited,22,3,575,172694,184695
gcloud-tasks-limited,23,3,562,13393,25393
gcloud-tasks-limited,24,3,575,136803,148804
gcloud-tasks-limited,25,3,562,25811,37811
gcloud-tasks-limited,26,3,570,63407,75407
gcloud-tasks-limited,27,3,575,123507,135507
gcloud-tasks-limited,28,3,575,124583,136584
gcloud-tasks-limited,29,3,570,74649,86650
gcloud-tasks-limited,30,3,570,38953,50953
